{
    "SAMURAI": {
        "ao": 0.8168540807397261,
        "sr_50": 0.9223786751682607,
        "sr_75": 0.7686415161176053,
        "speed_fps": 44.14793233787459,
        "succ_curve": [
            0.9936238044633369,
            0.9936238044633369,
            0.9935795253276656,
            0.9934024087849805,
            0.9932252922422954,
            0.9930038965639391,
            0.9929153382925965,
            0.9926939426142402,
            0.9924725469358838,
            0.9919411973078286,
            0.9915869642224584,
            0.9913212894084308,
            0.9907456606447043,
            0.9905242649663478,
            0.9903914275593341,
            0.9896386822529224,
            0.9890630534891959,
            0.9879560750974141,
            0.9868933758413035,
            0.9860077931278781,
            0.9851222104144527,
            0.9842366277010273,
            0.9834396032589444,
            0.9826425788168615,
            0.9817127169677647,
            0.980605738575983,
            0.9791888062345023,
            0.9773290825363089,
            0.9753808005667729,
            0.9731225646475381,
            0.9709971661353171,
            0.9694916755224938,
            0.9679419057739993,
            0.9663478568898335,
            0.9646652497343252,
            0.9620527807297201,
            0.960237336167198,
            0.9580676585193058,
            0.9558979808714134,
            0.9538611406305348,
            0.9514257881686149,
            0.9488575982996812,
            0.9465108041091038,
            0.943765497697485,
            0.941330145235565,
            0.9387176762309599,
            0.9352639036486008,
            0.9323857598299681,
            0.929109103790294,
            0.9257881686149486,
            0.9223786751682607,
            0.9191020191285866,
            0.9155154091392136,
            0.9119287991498406,
            0.9081650726177825,
            0.9047998583067659,
            0.8998405951115834,
            0.8956783563584839,
            0.8913832801983705,
            0.8870882040382572,
            0.882173219978746,
            0.8766826071555083,
            0.8712805526036131,
            0.8654357066950054,
            0.859192348565356,
            0.8527718738930216,
            0.8466170740347149,
            0.8399309245483528,
            0.8332004959263195,
            0.8257173219978746,
            0.8185883811547998,
            0.809643995749203,
            0.8003896563939072,
            0.7915338292596529,
            0.7808625575628764,
            0.7686415161176053,
            0.7550478214665249,
            0.7415426850867871,
            0.7269305703152674,
            0.711211477151966,
            0.6954481048529932,
            0.6776921714488133,
            0.6582979100247963,
            0.6393021608218208,
            0.6179153382925965,
            0.5942702798441375,
            0.568765497697485,
            0.5420651788877081,
            0.510759829968119,
            0.4782589443854056,
            0.4441640099185264,
            0.4047113000354233,
            0.35914806942968475,
            0.30804994686503717,
            0.2551363797378675,
            0.19863620262132484,
            0.14085193057031528,
            0.08475026567481403,
            0.0334750265674814,
            0.004560750974140985,
            0.0
        ]
    }
}